,PassengerId,Survived,Pclass,Name,Sex,Age,SibSp,Parch,Ticket,Fare,Embarked,Cabin_Class,Cabin_Num,Status,Married
0,1,0,3,Mr,0,22.0,1,0,A/5 21171,7.0,2,,,1.0,
1,2,1,1,Mrs,1,38.0,1,0,PC 17599,71.0,0,3.0,85,1.0,1.0
2,3,1,3,Miss,1,26.0,0,0,STON/O2. 3101282,8.0,2,,,1.0,0.0
3,4,1,1,Mrs,1,35.0,1,0,113803,53.0,2,3.0,123,1.0,1.0
4,5,0,3,Mr,0,35.0,0,0,373450,8.0,2,,,1.0,
5,6,0,3,Mr,0,,0,0,330877,8.0,1,,,1.0,
6,7,0,1,Mr,0,54.0,0,0,17463,52.0,2,5.0,46,1.0,
7,8,0,3,Master,0,2.0,3,1,349909,21.0,2,,,2.0,
8,9,1,3,Mrs,1,27.0,0,2,347742,11.0,2,,,1.0,1.0
9,10,1,2,Mrs,1,14.0,1,0,237736,30.0,0,,,1.0,1.0
10,11,1,3,Miss,1,4.0,1,1,PP 9549,17.0,2,7.0,6,1.0,0.0
11,12,1,1,Miss,1,58.0,0,0,113783,27.0,2,3.0,103,1.0,0.0
12,13,0,3,Mr,0,20.0,0,0,A/5. 2151,8.0,2,,,1.0,
13,14,0,3,Mr,0,39.0,1,5,347082,31.0,2,,,1.0,
14,15,0,3,Miss,1,14.0,0,0,350406,8.0,2,,,1.0,0.0
15,16,1,2,Mrs,1,55.0,0,0,248706,16.0,2,,,1.0,1.0
16,17,0,3,Master,0,2.0,4,1,382652,29.0,1,,,2.0,
17,18,1,2,Mr,0,,0,0,244373,13.0,2,,,1.0,
18,19,0,3,Mrs,1,31.0,1,0,345763,18.0,2,,,1.0,1.0
19,20,1,3,Mrs,1,,0,0,2649,7.0,0,,,1.0,1.0
20,21,0,2,Mr,0,35.0,0,0,239865,26.0,2,,,1.0,
21,22,1,2,Mr,0,34.0,0,0,248698,13.0,2,4.0,56,1.0,
22,23,1,3,Miss,1,15.0,0,0,330923,8.0,1,,,1.0,0.0
23,24,1,1,Mr,0,28.0,0,0,113788,36.0,2,1.0,6,1.0,
24,25,0,3,Miss,1,8.0,3,1,349909,21.0,2,,,1.0,0.0
25,26,1,3,Mrs,1,38.0,1,5,347077,31.0,2,,,1.0,1.0
26,27,0,3,Mr,0,,0,0,2631,7.0,0,,,1.0,
27,28,0,1,Mr,0,19.0,3,2,19950,263.0,2,3.0,23,1.0,
28,29,1,3,Miss,1,,0,0,330959,8.0,1,,,1.0,0.0
29,30,0,3,Mr,0,,0,0,349216,8.0,2,,,1.0,
30,31,0,1,Don,0,40.0,0,0,PC 17601,28.0,0,,,3.0,
31,32,1,1,Mrs,1,,1,0,PC 17569,147.0,0,2.0,78,1.0,1.0
32,33,1,3,Miss,1,,0,0,335677,8.0,1,,,1.0,0.0
33,34,0,2,Mr,0,66.0,0,0,C.A. 24579,10.0,2,,,1.0,
34,35,0,1,Mr,0,28.0,1,0,PC 17604,82.0,0,,,1.0,
35,36,0,1,Mr,0,42.0,1,0,113789,52.0,2,,,1.0,
36,37,1,3,Mr,0,,0,0,2677,7.0,0,,,1.0,
37,38,0,3,Mr,0,21.0,0,0,A./5. 2152,8.0,2,,,1.0,
38,39,0,3,Miss,1,18.0,2,0,345764,18.0,2,,,1.0,0.0
39,40,1,3,Miss,1,14.0,1,0,2651,11.0,0,,,1.0,0.0
40,41,0,3,Mrs,1,40.0,1,0,7546,9.0,2,,,1.0,1.0
41,42,0,2,Mrs,1,27.0,1,0,11668,21.0,2,,,1.0,1.0
42,43,0,3,Mr,0,,0,0,349253,8.0,0,,,1.0,
43,44,1,2,Miss,1,3.0,1,2,SC/Paris 2123,42.0,0,,,1.0,0.0
44,45,1,3,Miss,1,19.0,0,0,330958,8.0,1,,,1.0,0.0
45,46,0,3,Mr,0,,0,0,S.C./A.4. 23567,8.0,2,,,1.0,
46,47,0,3,Mr,0,,1,0,370371,16.0,1,,,1.0,
47,48,1,3,Miss,1,,0,0,14311,8.0,1,,,1.0,0.0
48,49,0,3,Mr,0,,2,0,2662,22.0,0,,,1.0,
49,50,0,3,Mrs,1,18.0,1,0,349237,18.0,2,,,1.0,1.0
50,51,0,3,Master,0,7.0,4,1,3101295,40.0,2,,,2.0,
51,52,0,3,Mr,0,21.0,0,0,A/4. 39886,8.0,2,,,1.0,
52,53,1,1,Mrs,1,49.0,1,0,PC 17572,77.0,0,4.0,33,1.0,1.0
53,54,1,2,Mrs,1,29.0,1,0,2926,26.0,2,,,1.0,1.0
54,55,0,1,Mr,0,65.0,0,1,113509,62.0,0,2.0,30,1.0,
55,56,1,1,Mr,0,,0,0,19947,36.0,2,3.0,52,1.0,
56,57,1,2,Miss,1,21.0,0,0,C.A. 31026,10.0,2,,,1.0,0.0
57,58,0,3,Mr,0,28.5,0,0,2697,7.0,0,,,1.0,
58,59,1,2,Miss,1,5.0,1,2,C.A. 34651,28.0,2,,,1.0,0.0
59,60,0,3,Master,0,11.0,5,2,CA 2144,47.0,2,,,2.0,
60,61,0,3,Mr,0,22.0,0,0,2669,7.0,0,,,1.0,
62,63,0,1,Mr,0,45.0,1,0,36973,83.0,2,3.0,83,1.0,
63,64,0,3,Master,0,4.0,3,2,347088,28.0,2,,,2.0,
64,65,0,1,Mr,0,,0,0,PC 17605,28.0,0,,,1.0,
65,66,1,3,Master,0,,1,1,2661,15.0,0,,,2.0,
66,67,1,2,Mrs,1,29.0,0,0,C.A. 29395,10.0,2,6.0,33,1.0,1.0
67,68,0,3,Mr,0,19.0,0,0,S.P. 3464,8.0,2,,,1.0,
68,69,1,3,Miss,1,17.0,4,2,3101281,8.0,2,,,1.0,0.0
69,70,0,3,Mr,0,26.0,2,0,315151,9.0,2,,,1.0,
70,71,0,2,Mr,0,32.0,0,0,C.A. 33111,10.0,2,,,1.0,
71,72,0,3,Miss,1,16.0,5,2,CA 2144,47.0,2,,,1.0,0.0
72,73,0,2,Mr,0,21.0,0,0,S.O.C. 14879,74.0,2,,,1.0,
73,74,0,3,Mr,0,26.0,1,0,2680,14.0,0,,,1.0,
74,75,1,3,Mr,0,32.0,0,0,1601,56.0,2,,,1.0,
75,76,0,3,Mr,0,25.0,0,0,348123,8.0,2,7.0,,1.0,
76,77,0,3,Mr,0,,0,0,349208,8.0,2,,,1.0,
77,78,0,3,Mr,0,,0,0,374746,8.0,2,,,1.0,
78,79,1,2,Master,0,0.83,0,2,248738,29.0,2,,,2.0,
79,80,1,3,Miss,1,30.0,0,0,364516,12.0,2,,,1.0,0.0
80,81,0,3,Mr,0,22.0,0,0,345767,9.0,2,,,1.0,
81,82,1,3,Mr,0,29.0,0,0,345779,10.0,2,,,1.0,
82,83,1,3,Miss,1,,0,0,330932,8.0,1,,,1.0,0.0
83,84,0,1,Mr,0,28.0,0,0,113059,47.0,2,,,1.0,
84,85,1,2,Miss,1,17.0,0,0,SO/C 14885,10.0,2,,,1.0,0.0
85,86,1,3,Mrs,1,33.0,3,0,3101278,16.0,2,,,1.0,1.0
86,87,0,3,Mr,0,16.0,1,3,W./C. 6608,34.0,2,,,1.0,
87,88,0,3,Mr,0,,0,0,SOTON/OQ 392086,8.0,2,,,1.0,
88,89,1,1,Miss,1,23.0,3,2,19950,263.0,2,3.0,23,1.0,0.0
89,90,0,3,Mr,0,24.0,0,0,343275,8.0,2,,,1.0,
90,91,0,3,Mr,0,29.0,0,0,343276,8.0,2,,,1.0,
91,92,0,3,Mr,0,20.0,0,0,347466,8.0,2,,,1.0,
92,93,0,1,Mr,0,46.0,1,0,W.E.P. 5734,61.0,2,5.0,31,1.0,
93,94,0,3,Mr,0,26.0,1,2,C.A. 2315,21.0,2,,,1.0,
94,95,0,3,Mr,0,59.0,0,0,364500,7.0,2,,,1.0,
95,96,0,3,Mr,0,,0,0,374910,8.0,2,,,1.0,
96,97,0,1,Mr,0,71.0,0,0,PC 17754,35.0,0,1.0,5,1.0,
97,98,1,1,Mr,0,23.0,0,1,PC 17759,63.0,0,4.0,10,1.0,
98,99,1,2,Mrs,1,34.0,0,1,231919,23.0,2,,,1.0,1.0
99,100,0,2,Mr,0,34.0,1,0,244367,26.0,2,,,1.0,
100,101,0,3,Miss,1,28.0,0,0,349245,8.0,2,,,1.0,0.0
101,102,0,3,Mr,0,,0,0,349215,8.0,2,,,1.0,
102,103,0,1,Mr,0,21.0,0,1,35281,77.0,2,4.0,26,1.0,
103,104,0,3,Mr,0,33.0,0,0,7540,9.0,2,,,1.0,
104,105,0,3,Mr,0,37.0,2,0,3101276,8.0,2,,,1.0,
105,106,0,3,Mr,0,28.0,0,0,349207,8.0,2,,,1.0,
106,107,1,3,Miss,1,21.0,0,0,343120,8.0,2,,,1.0,0.0
107,108,1,3,Mr,0,,0,0,312991,8.0,2,,,1.0,
108,109,0,3,Mr,0,38.0,0,0,349249,8.0,2,,,1.0,
109,110,1,3,Miss,1,,1,0,371110,24.0,1,,,1.0,0.0
110,111,0,1,Mr,0,47.0,0,0,110465,52.0,2,3.0,110,1.0,
111,112,0,3,Miss,1,14.5,1,0,2665,14.0,0,,,1.0,0.0
112,113,0,3,Mr,0,22.0,0,0,324669,8.0,2,,,1.0,
113,114,0,3,Miss,1,20.0,1,0,4136,10.0,2,,,1.0,0.0
114,115,0,3,Miss,1,17.0,0,0,2627,14.0,0,,,1.0,0.0
115,116,0,3,Mr,0,21.0,0,0,STON/O 2. 3101294,8.0,2,,,1.0,
116,117,0,3,Mr,0,70.5,0,0,370369,8.0,1,,,1.0,
117,118,0,2,Mr,0,29.0,1,0,11668,21.0,2,,,1.0,
118,119,0,1,Mr,0,24.0,0,1,PC 17558,248.0,0,2.0,58,1.0,
119,120,0,3,Miss,1,2.0,4,2,347082,31.0,2,,,1.0,0.0
120,121,0,2,Mr,0,21.0,2,0,S.O.C. 14879,74.0,2,,,1.0,
121,122,0,3,Mr,0,,0,0,A4. 54510,8.0,2,,,1.0,
122,123,0,2,Mr,0,32.5,1,0,237736,30.0,0,,,1.0,
123,124,1,2,Miss,1,32.5,0,0,27267,13.0,2,5.0,101,1.0,0.0
124,125,0,1,Mr,0,54.0,0,1,35281,77.0,2,4.0,26,1.0,
125,126,1,3,Master,0,12.0,1,0,2651,11.0,0,,,2.0,
126,127,0,3,Mr,0,,0,0,370372,8.0,1,,,1.0,
127,128,1,3,Mr,0,24.0,0,0,C 17369,7.0,2,,,1.0,
128,129,1,3,Miss,1,,1,1,2668,22.0,0,6.0,,1.0,0.0
129,130,0,3,Mr,0,45.0,0,0,347061,7.0,2,,,1.0,
130,131,0,3,Mr,0,33.0,0,0,349241,8.0,0,,,1.0,
131,132,0,3,Mr,0,20.0,0,0,SOTON/O.Q. 3101307,7.0,2,,,1.0,
132,133,0,3,Mrs,1,47.0,1,0,A/5. 3337,14.0,2,,,1.0,1.0
133,134,1,2,Mrs,1,29.0,1,0,228414,26.0,2,,,1.0,1.0
134,135,0,2,Mr,0,25.0,0,0,C.A. 29178,13.0,2,,,1.0,
135,136,0,2,Mr,0,23.0,0,0,SC/PARIS 2133,15.0,0,,,1.0,
136,137,1,1,Miss,1,19.0,0,2,11752,26.0,2,4.0,47,1.0,0.0
137,138,0,1,Mr,0,37.0,1,0,113803,53.0,2,3.0,123,1.0,
138,139,0,3,Mr,0,16.0,0,0,7534,9.0,2,,,1.0,
139,140,0,1,Mr,0,24.0,0,0,PC 17593,79.0,0,2.0,86,1.0,
140,141,0,3,Mrs,1,,0,2,2678,15.0,0,,,1.0,1.0
141,142,1,3,Miss,1,22.0,0,0,347081,8.0,2,,,1.0,0.0
142,143,1,3,Mrs,1,24.0,1,0,STON/O2. 3101279,16.0,2,,,1.0,1.0
143,144,0,3,Mr,0,19.0,0,0,365222,7.0,1,,,1.0,
144,145,0,2,Mr,0,18.0,0,0,231945,12.0,2,,,1.0,
145,146,0,2,Mr,0,19.0,1,1,C.A. 33112,37.0,2,,,1.0,
146,147,1,3,Mr,0,27.0,0,0,350043,8.0,2,,,1.0,
147,148,0,3,Miss,1,9.0,2,2,W./C. 6608,34.0,2,,,1.0,0.0
148,149,0,2,Mr,0,36.5,0,2,230080,26.0,2,6.0,2,1.0,
149,150,0,2,Rev,0,42.0,0,0,244310,13.0,2,,,,
150,151,0,2,Rev,0,51.0,0,0,S.O.P. 1166,13.0,2,,,,
151,152,1,1,Mrs,1,22.0,1,0,113776,67.0,2,3.0,2,1.0,1.0
152,153,0,3,Mr,0,55.5,0,0,A.5. 11206,8.0,2,,,1.0,
153,154,0,3,Mr,0,40.5,0,2,A/5. 851,14.0,2,,,1.0,
154,155,0,3,Mr,0,,0,0,Fa 265302,7.0,2,,,1.0,
155,156,0,1,Mr,0,51.0,0,1,PC 17597,61.0,0,,,1.0,
156,157,1,3,Miss,1,16.0,0,0,35851,8.0,1,,,1.0,0.0
157,158,0,3,Mr,0,30.0,0,0,SOTON/OQ 392090,8.0,2,,,1.0,
158,159,0,3,Mr,0,,0,0,315037,9.0,2,,,1.0,
159,160,0,3,Master,0,,8,2,CA. 2343,70.0,2,,,2.0,
160,161,0,3,Mr,0,44.0,0,1,371362,16.0,2,,,1.0,
161,162,1,2,Mrs,1,40.0,0,0,C.A. 33595,16.0,2,,,1.0,1.0
162,163,0,3,Mr,0,26.0,0,0,347068,8.0,2,,,1.0,
163,164,0,3,Mr,0,17.0,0,0,315093,9.0,2,,,1.0,
164,165,0,3,Master,0,1.0,4,1,3101295,40.0,2,,,2.0,
165,166,1,3,Master,0,9.0,0,2,363291,21.0,2,,,2.0,
166,167,1,1,Mrs,1,,0,1,113505,55.0,2,5.0,33,1.0,1.0
167,168,0,3,Mrs,1,45.0,1,4,347088,28.0,2,,,1.0,1.0
168,169,0,1,Mr,0,,0,0,PC 17318,26.0,2,,,1.0,
169,170,0,3,Mr,0,28.0,0,0,1601,56.0,2,,,1.0,
170,171,0,1,Mr,0,61.0,0,0,111240,34.0,2,2.0,19,1.0,
171,172,0,3,Master,0,4.0,4,1,382652,29.0,1,,,2.0,
172,173,1,3,Miss,1,1.0,1,1,347742,11.0,2,,,1.0,0.0
173,174,0,3,Mr,0,21.0,0,0,STON/O 2. 3101280,8.0,2,,,1.0,
174,175,0,1,Mr,0,56.0,0,0,17764,31.0,0,1.0,7,1.0,
175,176,0,3,Mr,0,18.0,1,1,350404,8.0,2,,,1.0,
176,177,0,3,Master,0,,3,1,4133,25.0,2,,,2.0,
177,178,0,1,Miss,1,50.0,0,0,PC 17595,29.0,0,3.0,49,1.0,0.0
178,179,0,2,Mr,0,30.0,0,0,250653,13.0,2,,,1.0,
179,180,0,3,Mr,0,36.0,0,0,LINE,0.0,2,,,1.0,
180,181,0,3,Miss,1,,8,2,CA. 2343,70.0,2,,,1.0,0.0
181,182,0,2,Mr,0,,0,0,SC/PARIS 2131,15.0,0,,,1.0,
182,183,0,3,Master,0,9.0,4,2,347077,31.0,2,,,2.0,
183,184,1,2,Master,0,1.0,2,1,230136,39.0,2,6.0,4,2.0,
184,185,1,3,Miss,1,4.0,0,2,315153,22.0,2,,,1.0,0.0
185,186,0,1,Mr,0,,0,0,113767,50.0,2,1.0,32,1.0,
186,187,1,3,Mrs,1,,1,0,370365,16.0,1,,,1.0,1.0
187,188,1,1,Mr,0,45.0,0,0,111428,27.0,2,,,1.0,
188,189,0,3,Mr,0,40.0,1,1,364849,16.0,1,,,1.0,
189,190,0,3,Mr,0,36.0,0,0,349247,8.0,2,,,1.0,
190,191,1,2,Mrs,1,32.0,0,0,234604,13.0,2,,,1.0,1.0
191,192,0,2,Mr,0,19.0,0,0,28424,13.0,2,,,1.0,
192,193,1,3,Miss,1,19.0,1,0,350046,8.0,2,,,1.0,0.0
193,194,1,2,Master,0,3.0,1,1,230080,26.0,2,6.0,2,2.0,
194,195,1,1,Mrs,1,44.0,0,0,PC 17610,28.0,0,2.0,4,1.0,1.0
195,196,1,1,Miss,1,58.0,0,0,PC 17569,147.0,0,2.0,80,1.0,0.0
196,197,0,3,Mr,0,,0,0,368703,8.0,1,,,1.0,
197,198,0,3,Mr,0,42.0,0,1,4579,8.0,2,,,1.0,
198,199,1,3,Miss,1,,0,0,370370,8.0,1,,,1.0,0.0
199,200,0,2,Miss,1,24.0,0,0,248747,13.0,2,,,1.0,0.0
200,201,0,3,Mr,0,28.0,0,0,345770,10.0,2,,,1.0,
201,202,0,3,Mr,0,,8,2,CA. 2343,70.0,2,,,1.0,
202,203,0,3,Mr,0,34.0,0,0,3101264,6.0,2,,,1.0,
203,204,0,3,Mr,0,45.5,0,0,2628,7.0,0,,,1.0,
204,205,1,3,Mr,0,18.0,0,0,A/5 3540,8.0,2,,,1.0,
205,206,0,3,Miss,1,2.0,0,1,347054,10.0,2,7.0,6,1.0,0.0
206,207,0,3,Mr,0,32.0,1,0,3101278,16.0,2,,,1.0,
207,208,1,3,Mr,0,26.0,0,0,2699,19.0,0,,,1.0,
208,209,1,3,Miss,1,16.0,0,0,367231,8.0,1,,,1.0,0.0
209,210,1,1,Mr,0,40.0,0,0,112277,31.0,0,1.0,31,1.0,
210,211,0,3,Mr,0,24.0,0,0,SOTON/O.Q. 3101311,7.0,2,,,1.0,
211,212,1,2,Miss,1,35.0,0,0,F.C.C. 13528,21.0,2,,,1.0,0.0
212,213,0,3,Mr,0,22.0,0,0,A/5 21174,7.0,2,,,1.0,
213,214,0,2,Mr,0,30.0,0,0,250646,13.0,2,,,1.0,
214,215,0,3,Mr,0,,1,0,367229,8.0,1,,,1.0,
215,216,1,1,Miss,1,31.0,1,0,35273,113.0,0,4.0,36,1.0,0.0
216,217,1,3,Miss,1,27.0,0,0,STON/O2. 3101283,8.0,2,,,1.0,0.0
217,218,0,2,Mr,0,42.0,1,0,243847,27.0,2,,,1.0,
218,219,1,1,Miss,1,32.0,0,0,11813,76.0,0,4.0,15,1.0,0.0
219,220,0,2,Mr,0,30.0,0,0,W/C 14208,10.0,2,,,1.0,
220,221,1,3,Mr,0,16.0,0,0,SOTON/OQ 392089,8.0,2,,,1.0,
221,222,0,2,Mr,0,27.0,0,0,220367,13.0,2,,,1.0,
222,223,0,3,Mr,0,51.0,0,0,21440,8.0,2,,,1.0,
223,224,0,3,Mr,0,,0,0,349234,8.0,2,,,1.0,
224,225,1,1,Mr,0,38.0,1,0,19943,90.0,2,3.0,93,1.0,
225,226,0,3,Mr,0,22.0,0,0,PP 4348,9.0,2,,,1.0,
226,227,1,2,Mr,0,19.0,0,0,SW/PP 751,10.0,2,,,1.0,
227,228,0,3,Mr,0,20.5,0,0,A/5 21173,7.0,2,,,1.0,
228,229,0,2,Mr,0,18.0,0,0,236171,13.0,2,,,1.0,
229,230,0,3,Miss,1,,3,1,4133,25.0,2,,,1.0,0.0
230,231,1,1,Mrs,1,35.0,1,0,36973,83.0,2,3.0,83,1.0,1.0
231,232,0,3,Mr,0,29.0,0,0,347067,8.0,2,,,1.0,
232,233,0,2,Mr,0,59.0,0,0,237442,14.0,2,,,1.0,
233,234,1,3,Miss,1,5.0,4,2,347077,31.0,2,,,1.0,0.0
234,235,0,2,Mr,0,24.0,0,0,C.A. 29566,10.0,2,,,1.0,
235,236,0,3,Miss,1,,0,0,W./C. 6609,8.0,2,,,1.0,0.0
236,237,0,2,Mr,0,44.0,1,0,26707,26.0,2,,,1.0,
237,238,1,2,Miss,1,8.0,0,2,C.A. 31921,26.0,2,,,1.0,0.0
238,239,0,2,Mr,0,19.0,0,0,28665,10.0,2,,,1.0,
239,240,0,2,Mr,0,33.0,0,0,SCO/W 1585,12.0,2,,,1.0,
240,241,0,3,Miss,1,,1,0,2665,14.0,0,,,1.0,0.0
241,242,1,3,Miss,1,,1,0,367230,16.0,1,,,1.0,0.0
242,243,0,2,Mr,0,29.0,0,0,W./C. 14263,10.0,2,,,1.0,
243,244,0,3,Mr,0,22.0,0,0,STON/O 2. 3101275,7.0,2,,,1.0,
244,245,0,3,Mr,0,30.0,0,0,2694,7.0,0,,,1.0,
245,246,0,1,Dr,0,44.0,2,0,19928,90.0,1,3.0,78,,
246,247,0,3,Miss,1,25.0,0,0,347071,8.0,2,,,1.0,0.0
247,248,1,2,Mrs,1,24.0,0,2,250649,14.0,2,,,1.0,1.0
248,249,1,1,Mr,0,37.0,1,1,11751,53.0,2,4.0,35,1.0,
249,250,0,2,Rev,0,54.0,1,0,244252,26.0,2,,,,
250,251,0,3,Mr,0,,0,0,362316,7.0,2,,,1.0,
251,252,0,3,Mrs,1,29.0,1,1,347054,10.0,2,7.0,6,1.0,1.0
252,253,0,1,Mr,0,62.0,0,0,113514,27.0,2,3.0,87,1.0,
253,254,0,3,Mr,0,30.0,1,0,A/5. 3336,16.0,2,,,1.0,
254,255,0,3,Mrs,1,41.0,0,2,370129,20.0,2,,,1.0,1.0
255,256,1,3,Mrs,1,29.0,0,2,2650,15.0,0,,,1.0,1.0
256,257,1,1,Mrs,1,,0,0,PC 17585,79.0,0,,,1.0,1.0
257,258,1,1,Miss,1,30.0,0,0,110152,86.0,2,2.0,77,1.0,0.0
258,259,1,1,Miss,1,35.0,0,0,PC 17755,512.0,0,,,1.0,0.0
259,260,1,2,Mrs,1,50.0,0,1,230433,26.0,2,,,1.0,1.0
260,261,0,3,Mr,0,,0,0,384461,8.0,1,,,1.0,
261,262,1,3,Master,0,3.0,4,2,347077,31.0,2,,,2.0,
262,263,0,1,Mr,0,52.0,1,1,110413,80.0,2,5.0,67,1.0,
263,264,0,1,Mr,0,40.0,0,0,112059,0.0,2,2.0,94,1.0,
264,265,0,3,Miss,1,,0,0,382649,8.0,1,,,1.0,0.0
265,266,0,2,Mr,0,36.0,0,0,C.A. 17248,10.0,2,,,1.0,
266,267,0,3,Mr,0,16.0,4,1,3101295,40.0,2,,,1.0,
267,268,1,3,Mr,0,25.0,1,0,347083,8.0,2,,,1.0,
268,269,1,1,Mrs,1,58.0,0,1,PC 17582,153.0,2,3.0,125,1.0,1.0
269,270,1,1,Miss,1,35.0,0,0,PC 17760,136.0,2,3.0,99,1.0,0.0
270,271,0,1,Mr,0,,0,0,113798,31.0,2,,,1.0,
271,272,1,3,Mr,0,25.0,0,0,LINE,0.0,2,,,1.0,
272,273,1,2,Mrs,1,41.0,0,1,250644,20.0,2,,,1.0,1.0
273,274,0,1,Mr,0,37.0,0,1,PC 17596,30.0,0,3.0,118,1.0,
274,275,1,3,Miss,1,,0,0,370375,8.0,1,,,1.0,0.0
275,276,1,1,Miss,1,63.0,1,0,13502,78.0,2,4.0,7,1.0,0.0
276,277,0,3,Miss,1,45.0,0,0,347073,8.0,2,,,1.0,0.0
277,278,0,2,Mr,0,,0,0,239853,0.0,2,,,1.0,
278,279,0,3,Master,0,7.0,4,1,382652,29.0,1,,,2.0,
279,280,1,3,Mrs,1,35.0,1,1,C.A. 2673,20.0,2,,,1.0,1.0
280,281,0,3,Mr,0,65.0,0,0,336439,8.0,1,,,1.0,
281,282,0,3,Mr,0,28.0,0,0,347464,8.0,2,,,1.0,
282,283,0,3,Mr,0,16.0,0,0,345778,10.0,2,,,1.0,
283,284,1,3,Mr,0,19.0,0,0,A/5. 10482,8.0,2,,,1.0,
284,285,0,1,Mr,0,,0,0,113056,26.0,2,1.0,19,1.0,
285,286,0,3,Mr,0,33.0,0,0,349239,9.0,0,,,1.0,
286,287,1,3,Mr,0,30.0,0,0,345774,10.0,2,,,1.0,
287,288,0,3,Mr,0,22.0,0,0,349206,8.0,2,,,1.0,
288,289,1,2,Mr,0,42.0,0,0,237798,13.0,2,,,1.0,
289,290,1,3,Miss,1,22.0,0,0,370373,8.0,1,,,1.0,0.0
290,291,1,1,Miss,1,26.0,0,0,19877,79.0,2,,,1.0,0.0
291,292,1,1,Mrs,1,19.0,1,0,11967,91.0,0,2.0,49,1.0,1.0
292,293,0,2,Mr,0,36.0,0,0,SC/Paris 2163,13.0,0,4.0,,1.0,
293,294,0,3,Miss,1,24.0,0,0,349236,9.0,2,,,1.0,0.0
294,295,0,3,Mr,0,24.0,0,0,349233,8.0,2,,,1.0,
295,296,0,1,Mr,0,,0,0,PC 17612,28.0,0,,,1.0,
296,297,0,3,Mr,0,23.5,0,0,2693,7.0,0,,,1.0,
297,298,0,1,Miss,1,2.0,1,2,113781,152.0,2,3.0,22,1.0,0.0
298,299,1,1,Mr,0,,0,0,19988,30.0,2,3.0,106,1.0,
299,300,1,1,Mrs,1,50.0,0,1,PC 17558,248.0,0,2.0,58,1.0,1.0
300,301,1,3,Miss,1,,0,0,9234,8.0,1,,,1.0,0.0
301,302,1,3,Mr,0,,2,0,367226,23.0,1,,,1.0,
302,303,0,3,Mr,0,19.0,0,0,LINE,0.0,2,,,1.0,
303,304,1,2,Miss,1,,0,0,226593,12.0,1,5.0,101,1.0,0.0
304,305,0,3,Mr,0,,0,0,A/5 2466,8.0,2,,,1.0,
305,306,1,1,Master,0,0.92,1,2,113781,152.0,2,3.0,22,2.0,
306,307,1,1,Miss,1,,0,0,17421,111.0,0,,,1.0,0.0
307,308,1,1,Mrs,1,17.0,1,0,PC 17758,109.0,0,3.0,65,1.0,1.0
308,309,0,2,Mr,0,30.0,1,0,P/PP 3381,24.0,0,,,1.0,
309,310,1,1,Miss,1,30.0,0,0,PC 17485,57.0,0,5.0,36,1.0,0.0
310,311,1,1,Miss,1,24.0,0,0,11767,83.0,0,3.0,54,1.0,0.0
311,312,1,1,Miss,1,18.0,2,2,PC 17608,262.0,0,2.0,57,1.0,0.0
312,313,0,2,Mrs,1,26.0,1,1,250651,26.0,2,,,1.0,1.0
313,314,0,3,Mr,0,28.0,0,0,349243,8.0,2,,,1.0,
314,315,0,2,Mr,0,43.0,1,1,F.C.C. 13529,26.0,2,,,1.0,
315,316,1,3,Miss,1,26.0,0,0,347470,8.0,2,,,1.0,0.0
316,317,1,2,Mrs,1,24.0,1,0,244367,26.0,2,,,1.0,1.0
317,318,0,2,Dr,0,54.0,0,0,29011,14.0,2,,,,
318,319,1,1,Miss,1,31.0,0,2,36928,165.0,2,3.0,7,1.0,0.0
319,320,1,1,Mrs,1,40.0,1,1,16966,134.0,0,5.0,34,1.0,1.0
320,321,0,3,Mr,0,22.0,0,0,A/5 21172,7.0,2,,,1.0,
321,322,0,3,Mr,0,27.0,0,0,349219,8.0,2,,,1.0,
322,323,1,2,Miss,1,30.0,0,0,234818,12.0,1,,,1.0,0.0
323,324,1,2,Mrs,1,22.0,1,1,248738,29.0,2,,,1.0,1.0
324,325,0,3,Mr,0,,8,2,CA. 2343,70.0,2,,,1.0,
325,326,1,1,Miss,1,36.0,0,0,PC 17760,136.0,0,3.0,32,1.0,0.0
326,327,0,3,Mr,0,61.0,0,0,345364,6.0,2,,,1.0,
327,328,1,2,Mrs,1,36.0,0,0,28551,13.0,2,4.0,,1.0,1.0
328,329,1,3,Mrs,1,31.0,1,1,363291,21.0,2,,,1.0,1.0
329,330,1,1,Miss,1,16.0,0,1,111361,58.0,0,2.0,18,1.0,0.0
330,331,1,3,Miss,1,,2,0,367226,23.0,1,,,1.0,0.0
331,332,0,1,Mr,0,45.5,0,0,113043,28.0,2,3.0,124,1.0,
332,333,0,1,Mr,0,38.0,0,1,PC 17582,153.0,2,3.0,91,1.0,
333,334,0,3,Mr,0,16.0,2,0,345764,18.0,2,,,1.0,
334,335,1,1,Mrs,1,,1,0,PC 17611,134.0,2,,,1.0,1.0
335,336,0,3,Mr,0,,0,0,349225,8.0,2,,,1.0,
336,337,0,1,Mr,0,29.0,1,0,113776,67.0,2,3.0,2,1.0,
337,338,1,1,Miss,1,41.0,0,0,16966,134.0,0,5.0,40,1.0,0.0
338,339,1,3,Mr,0,45.0,0,0,7598,8.0,2,,,1.0,
339,340,0,1,Mr,0,45.0,0,0,113784,36.0,2,,,1.0,
340,341,1,2,Master,0,2.0,1,1,230080,26.0,2,6.0,2,2.0,
341,342,1,1,Miss,1,24.0,3,2,19950,263.0,2,3.0,23,1.0,0.0
342,343,0,2,Mr,0,28.0,0,0,248740,13.0,2,,,1.0,
343,344,0,2,Mr,0,25.0,0,0,244361,13.0,2,,,1.0,
344,345,0,2,Mr,0,36.0,0,0,229236,13.0,2,,,1.0,
345,346,1,2,Miss,1,24.0,0,0,248733,13.0,2,6.0,33,1.0,0.0
346,347,1,2,Miss,1,40.0,0,0,31418,13.0,2,,,1.0,0.0
347,348,1,3,Mrs,1,,1,0,386525,16.0,2,,,1.0,1.0
348,349,1,3,Master,0,3.0,1,1,C.A. 37671,16.0,2,,,2.0,
349,350,0,3,Mr,0,42.0,0,0,315088,9.0,2,,,1.0,
350,351,0,3,Mr,0,23.0,0,0,7267,9.0,2,,,1.0,
351,352,0,1,Mr,0,,0,0,113510,35.0,2,3.0,128,1.0,
352,353,0,3,Mr,0,15.0,1,1,2695,7.0,0,,,1.0,
353,354,0,3,Mr,0,25.0,1,0,349237,18.0,2,,,1.0,
354,355,0,3,Mr,0,,0,0,2647,7.0,0,,,1.0,
355,356,0,3,Mr,0,28.0,0,0,345783,10.0,2,,,1.0,
356,357,1,1,Miss,1,22.0,0,1,113505,55.0,2,5.0,33,1.0,0.0
357,358,0,2,Miss,1,38.0,0,0,237671,13.0,2,,,1.0,0.0
358,359,1,3,Miss,1,,0,0,330931,8.0,1,,,1.0,0.0
359,360,1,3,Miss,1,,0,0,330980,8.0,1,,,1.0,0.0
360,361,0,3,Mr,0,40.0,1,4,347088,28.0,2,,,1.0,
361,362,0,2,Mr,0,29.0,1,0,SC/PARIS 2167,28.0,0,,,1.0,
362,363,0,3,Mrs,1,45.0,0,1,2691,14.0,0,,,1.0,1.0
363,364,0,3,Mr,0,35.0,0,0,SOTON/O.Q. 3101310,7.0,2,,,1.0,
364,365,0,3,Mr,0,,1,0,370365,16.0,1,,,1.0,
365,366,0,3,Mr,0,30.0,0,0,C 7076,7.0,2,,,1.0,
366,367,1,1,Mrs,1,60.0,1,0,110813,75.0,0,4.0,37,1.0,1.0
367,368,1,3,Mrs,1,,0,0,2626,7.0,0,,,1.0,1.0
368,369,1,3,Miss,1,,0,0,14313,8.0,1,,,1.0,0.0
369,370,1,1,Mme,1,24.0,0,0,PC 17477,69.0,0,2.0,35,1.0,1.0
370,371,1,1,Mr,0,25.0,1,0,11765,55.0,0,5.0,50,1.0,
371,372,0,3,Mr,0,18.0,1,0,3101267,6.0,2,,,1.0,
372,373,0,3,Mr,0,19.0,0,0,323951,8.0,2,,,1.0,
373,374,0,1,Mr,0,22.0,0,0,PC 17760,136.0,0,,,1.0,
374,375,0,3,Miss,1,3.0,3,1,349909,21.0,2,,,1.0,0.0
375,376,1,1,Mrs,1,,1,0,PC 17604,82.0,0,,,1.0,1.0
376,377,1,3,Miss,1,22.0,0,0,C 7077,7.0,2,,,1.0,0.0
377,378,0,1,Mr,0,27.0,0,2,113503,212.0,0,3.0,82,1.0,
378,379,0,3,Mr,0,20.0,0,0,2648,4.0,0,,,1.0,
379,380,0,3,Mr,0,19.0,0,0,347069,8.0,2,,,1.0,
380,381,1,1,Miss,1,42.0,0,0,PC 17757,228.0,0,,,1.0,0.0
381,382,1,3,Miss,1,1.0,0,2,2653,16.0,0,,,1.0,0.0
382,383,0,3,Mr,0,32.0,0,0,STON/O 2. 3101293,8.0,2,,,1.0,
383,384,1,1,Mrs,1,35.0,1,0,113789,52.0,2,,,1.0,1.0
384,385,0,3,Mr,0,,0,0,349227,8.0,2,,,1.0,
385,386,0,2,Mr,0,18.0,0,0,S.O.C. 14879,74.0,2,,,1.0,
386,387,0,3,Master,0,1.0,5,2,CA 2144,47.0,2,,,2.0,
387,388,1,2,Miss,1,36.0,0,0,27849,13.0,2,,,1.0,0.0
388,389,0,3,Mr,0,,0,0,367655,8.0,1,,,1.0,
389,390,1,2,Miss,1,17.0,0,0,SC 1748,12.0,0,,,1.0,0.0
390,391,1,1,Mr,0,36.0,1,2,113760,120.0,2,2.0,96,1.0,
391,392,1,3,Mr,0,21.0,0,0,350034,8.0,2,,,1.0,
392,393,0,3,Mr,0,28.0,2,0,3101277,8.0,2,,,1.0,
393,394,1,1,Miss,1,23.0,1,0,35273,113.0,0,4.0,36,1.0,0.0
394,395,1,3,Mrs,1,24.0,0,2,PP 9549,17.0,2,7.0,6,1.0,1.0
395,396,0,3,Mr,0,22.0,0,0,350052,8.0,2,,,1.0,
396,397,0,3,Miss,1,31.0,0,0,350407,8.0,2,,,1.0,0.0
397,398,0,2,Mr,0,46.0,0,0,28403,26.0,2,,,1.0,
398,399,0,2,Dr,0,23.0,0,0,244278,10.0,2,,,,
399,400,1,2,Mrs,1,28.0,0,0,240929,13.0,2,,,1.0,1.0
400,401,1,3,Mr,0,39.0,0,0,STON/O 2. 3101289,8.0,2,,,1.0,
401,402,0,3,Mr,0,26.0,0,0,341826,8.0,2,,,1.0,
402,403,0,3,Miss,1,21.0,1,0,4137,10.0,2,,,1.0,0.0
403,404,0,3,Mr,0,28.0,1,0,STON/O2. 3101279,16.0,2,,,1.0,
404,405,0,3,Miss,1,20.0,0,0,315096,9.0,2,,,1.0,0.0
405,406,0,2,Mr,0,34.0,1,0,28664,21.0,2,,,1.0,
406,407,0,3,Mr,0,51.0,0,0,347064,8.0,2,,,1.0,
407,408,1,2,Master,0,3.0,1,1,29106,19.0,2,,,2.0,
408,409,0,3,Mr,0,21.0,0,0,312992,8.0,2,,,1.0,
409,410,0,3,Miss,1,,3,1,4133,25.0,2,,,1.0,0.0
410,411,0,3,Mr,0,,0,0,349222,8.0,2,,,1.0,
411,412,0,3,Mr,0,,0,0,394140,7.0,1,,,1.0,
412,413,1,1,Miss,1,33.0,1,0,19928,90.0,1,3.0,78,1.0,0.0
413,414,0,2,Mr,0,,0,0,239853,0.0,2,,,1.0,
414,415,1,3,Mr,0,44.0,0,0,STON/O 2. 3101269,8.0,2,,,1.0,
415,416,0,3,Mrs,1,,0,0,343095,8.0,2,,,1.0,1.0
416,417,1,2,Mrs,1,34.0,1,1,28220,32.0,2,,,1.0,1.0
417,418,1,2,Miss,1,18.0,0,2,250652,13.0,2,,,1.0,0.0
418,419,0,2,Mr,0,30.0,0,0,28228,13.0,2,,,1.0,
419,420,0,3,Miss,1,10.0,0,2,345773,24.0,2,,,1.0,0.0
420,421,0,3,Mr,0,,0,0,349254,8.0,0,,,1.0,
421,422,0,3,Mr,0,21.0,0,0,A/5. 13032,8.0,1,,,1.0,
422,423,0,3,Mr,0,29.0,0,0,315082,8.0,2,,,1.0,
423,424,0,3,Mrs,1,28.0,1,1,347080,14.0,2,,,1.0,1.0
424,425,0,3,Mr,0,18.0,1,1,370129,20.0,2,,,1.0,
425,426,0,3,Mr,0,,0,0,A/4. 34244,7.0,2,,,1.0,
426,427,1,2,Mrs,1,28.0,1,0,2003,26.0,2,,,1.0,1.0
427,428,1,2,Miss,1,19.0,0,0,250655,26.0,2,,,1.0,0.0
428,429,0,3,Mr,0,,0,0,364851,8.0,1,,,1.0,
429,430,1,3,Mr,0,32.0,0,0,SOTON/O.Q. 392078,8.0,2,5.0,10,1.0,
430,431,1,1,Mr,0,28.0,0,0,110564,27.0,2,3.0,52,1.0,
431,432,1,3,Mrs,1,,1,0,376564,16.0,2,,,1.0,1.0
432,433,1,2,Mrs,1,42.0,1,0,SC/AH 3085,26.0,2,,,1.0,1.0
433,434,0,3,Mr,0,17.0,0,0,STON/O 2. 3101274,7.0,2,,,1.0,
434,435,0,1,Mr,0,50.0,1,0,13507,56.0,2,5.0,44,1.0,
435,436,1,1,Miss,1,14.0,1,2,113760,120.0,2,2.0,96,1.0,0.0
436,437,0,3,Miss,1,21.0,2,2,W./C. 6608,34.0,2,,,1.0,0.0
437,438,1,2,Mrs,1,24.0,2,3,29106,19.0,2,,,1.0,1.0
438,439,0,1,Mr,0,64.0,1,4,19950,263.0,2,3.0,23,1.0,
439,440,0,2,Mr,0,31.0,0,0,C.A. 18723,10.0,2,,,1.0,
440,441,1,2,Mrs,1,45.0,1,1,F.C.C. 13529,26.0,2,,,1.0,1.0
441,442,0,3,Mr,0,20.0,0,0,345769,10.0,2,,,1.0,
442,443,0,3,Mr,0,25.0,1,0,347076,8.0,2,,,1.0,
443,444,1,2,Ms,1,28.0,0,0,230434,13.0,2,,,1.0,0.0
444,445,1,3,Mr,0,,0,0,65306,8.0,2,,,1.0,
445,446,1,1,Master,0,4.0,0,2,33638,82.0,2,1.0,34,2.0,
446,447,1,2,Miss,1,13.0,0,1,250644,20.0,2,,,1.0,0.0
447,448,1,1,Mr,0,34.0,0,0,113794,27.0,2,,,1.0,
448,449,1,3,Miss,1,5.0,2,1,2666,19.0,0,,,1.0,0.0
449,450,1,1,Major,0,52.0,0,0,113786,30.0,2,3.0,104,,
450,451,0,2,Mr,0,36.0,1,2,C.A. 34651,28.0,2,,,1.0,
451,452,0,3,Mr,0,,1,0,65303,20.0,2,,,1.0,
452,453,0,1,Mr,0,30.0,0,0,113051,28.0,0,3.0,111,1.0,
453,454,1,1,Mr,0,49.0,1,0,17453,89.0,0,3.0,92,1.0,
454,455,0,3,Mr,0,,0,0,A/5 2817,8.0,2,,,1.0,
455,456,1,3,Mr,0,29.0,0,0,349240,8.0,0,,,1.0,
456,457,0,1,Mr,0,65.0,0,0,13509,27.0,2,5.0,38,1.0,
457,458,1,1,Mrs,1,,1,0,17464,52.0,2,4.0,21,1.0,1.0
458,459,1,2,Miss,1,50.0,0,0,F.C.C. 13531,10.0,2,,,1.0,0.0
459,460,0,3,Mr,0,,0,0,371060,8.0,1,,,1.0,
460,461,1,1,Mr,0,48.0,0,0,19952,27.0,2,5.0,12,1.0,
461,462,0,3,Mr,0,34.0,0,0,364506,8.0,2,,,1.0,
462,463,0,1,Mr,0,47.0,0,0,111320,38.0,2,5.0,63,1.0,
463,464,0,2,Mr,0,48.0,0,0,234360,13.0,2,,,1.0,
464,465,0,3,Mr,0,,0,0,A/S 2816,8.0,2,,,1.0,
465,466,0,3,Mr,0,38.0,0,0,SOTON/O.Q. 3101306,7.0,2,,,1.0,
466,467,0,2,Mr,0,,0,0,239853,0.0,2,,,1.0,
467,468,0,1,Mr,0,56.0,0,0,113792,27.0,2,,,1.0,
468,469,0,3,Mr,0,,0,0,36209,8.0,1,,,1.0,
469,470,1,3,Miss,1,0.75,2,1,2666,19.0,0,,,1.0,0.0
470,471,0,3,Mr,0,,0,0,323592,7.0,2,,,1.0,
471,472,0,3,Mr,0,38.0,0,0,315089,9.0,2,,,1.0,
472,473,1,2,Mrs,1,33.0,1,2,C.A. 34651,28.0,2,,,1.0,1.0
473,474,1,2,Mrs,1,23.0,0,0,SC/AH Basle 541,14.0,0,4.0,,1.0,1.0
474,475,0,3,Miss,1,22.0,0,0,7553,10.0,2,,,1.0,0.0
475,476,0,1,Mr,0,,0,0,110465,52.0,2,1.0,14,1.0,
476,477,0,2,Mr,0,34.0,1,0,31027,21.0,2,,,1.0,
477,478,0,3,Mr,0,29.0,1,0,3460,7.0,2,,,1.0,
478,479,0,3,Mr,0,22.0,0,0,350060,8.0,2,,,1.0,
479,480,1,3,Miss,1,2.0,0,1,3101298,12.0,2,,,1.0,0.0
480,481,0,3,Master,0,9.0,5,2,CA 2144,47.0,2,,,2.0,
481,482,0,2,Mr,0,,0,0,239854,0.0,2,,,1.0,
482,483,0,3,Mr,0,50.0,0,0,A/5 3594,8.0,2,,,1.0,
483,484,1,3,Mrs,1,63.0,0,0,4134,10.0,2,,,1.0,1.0
484,485,1,1,Mr,0,25.0,1,0,11967,91.0,0,2.0,49,1.0,
485,486,0,3,Miss,1,,3,1,4133,25.0,2,,,1.0,0.0
486,487,1,1,Mrs,1,35.0,1,0,19943,90.0,2,3.0,93,1.0,1.0
487,488,0,1,Mr,0,58.0,0,0,11771,30.0,0,2.0,37,1.0,
488,489,0,3,Mr,0,30.0,0,0,A.5. 18509,8.0,2,,,1.0,
489,490,1,3,Master,0,9.0,1,1,C.A. 37671,16.0,2,,,2.0,
490,491,0,3,Mr,0,,1,0,65304,20.0,2,,,1.0,
491,492,0,3,Mr,0,21.0,0,0,SOTON/OQ 3101317,7.0,2,,,1.0,
492,493,0,1,Mr,0,55.0,0,0,113787,30.0,2,3.0,30,1.0,
493,494,0,1,Mr,0,71.0,0,0,PC 17609,50.0,0,,,1.0,
494,495,0,3,Mr,0,21.0,0,0,A/4 45380,8.0,2,,,1.0,
495,496,0,3,Mr,0,,0,0,2627,14.0,0,,,1.0,
496,497,1,1,Miss,1,54.0,1,0,36947,78.0,0,4.0,20,1.0,0.0
497,498,0,3,Mr,0,,0,0,C.A. 6212,15.0,2,,,1.0,
498,499,0,1,Mrs,1,25.0,1,2,113781,152.0,2,3.0,22,1.0,1.0
499,500,0,3,Mr,0,24.0,0,0,350035,8.0,2,,,1.0,
500,501,0,3,Mr,0,17.0,0,0,315086,9.0,2,,,1.0,
501,502,0,3,Miss,1,21.0,0,0,364846,8.0,1,,,1.0,0.0
502,503,0,3,Miss,1,,0,0,330909,8.0,1,,,1.0,0.0
503,504,0,3,Miss,1,37.0,0,0,4135,10.0,2,,,1.0,0.0
504,505,1,1,Miss,1,16.0,0,0,110152,86.0,2,2.0,79,1.0,0.0
505,506,0,1,Mr,0,18.0,1,0,PC 17758,109.0,0,3.0,65,1.0,
506,507,1,2,Mrs,1,33.0,0,2,26360,26.0,2,,,1.0,1.0
507,508,1,1,Mr,0,,0,0,111427,27.0,2,,,1.0,
508,509,0,3,Mr,0,28.0,0,0,C 4001,23.0,2,,,1.0,
509,510,1,3,Mr,0,26.0,0,0,1601,56.0,2,,,1.0,
510,511,1,3,Mr,0,29.0,0,0,382651,8.0,1,,,1.0,
511,512,0,3,Mr,0,,0,0,SOTON/OQ 3101316,8.0,2,,,1.0,
512,513,1,1,Mr,0,36.0,0,0,PC 17473,26.0,2,5.0,25,1.0,
513,514,1,1,Mrs,1,54.0,1,0,PC 17603,59.0,0,,,1.0,1.0
514,515,0,3,Mr,0,24.0,0,0,349209,7.0,2,,,1.0,
515,516,0,1,Mr,0,47.0,0,0,36967,34.0,2,4.0,46,1.0,
516,517,1,2,Mrs,1,34.0,0,0,C.A. 34260,10.0,2,6.0,33,1.0,1.0
517,518,0,3,Mr,0,,0,0,371110,24.0,1,,,1.0,
518,519,1,2,Mrs,1,36.0,1,0,226875,26.0,2,,,1.0,1.0
519,520,0,3,Mr,0,32.0,0,0,349242,8.0,2,,,1.0,
520,521,1,1,Miss,1,30.0,0,0,12749,94.0,2,2.0,73,1.0,0.0
521,522,0,3,Mr,0,22.0,0,0,349252,8.0,2,,,1.0,
522,523,0,3,Mr,0,,0,0,2624,7.0,0,,,1.0,
523,524,1,1,Mrs,1,44.0,0,1,111361,58.0,0,2.0,18,1.0,1.0
524,525,0,3,Mr,0,,0,0,2700,7.0,0,,,1.0,
525,526,0,3,Mr,0,40.5,0,0,367232,8.0,1,,,1.0,
526,527,1,2,Miss,1,50.0,0,0,W./C. 14258,10.0,2,,,1.0,0.0
527,528,0,1,Mr,0,,0,0,PC 17483,222.0,2,3.0,95,1.0,
528,529,0,3,Mr,0,39.0,0,0,3101296,8.0,2,,,1.0,
529,530,0,2,Mr,0,23.0,2,1,29104,12.0,2,,,1.0,
530,531,1,2,Miss,1,2.0,1,1,26360,26.0,2,,,1.0,0.0
531,532,0,3,Mr,0,,0,0,2641,7.0,0,,,1.0,
532,533,0,3,Mr,0,17.0,1,1,2690,7.0,0,,,1.0,
533,534,1,3,Mrs,1,,0,2,2668,22.0,0,,,1.0,1.0
534,535,0,3,Miss,1,30.0,0,0,315084,9.0,2,,,1.0,0.0
535,536,1,2,Miss,1,7.0,0,2,F.C.C. 13529,26.0,2,,,1.0,0.0
536,537,0,1,Major,0,45.0,0,0,113050,27.0,2,2.0,38,,
537,538,1,1,Miss,1,30.0,0,0,PC 17761,106.0,0,,,1.0,0.0
538,539,0,3,Mr,0,,0,0,364498,14.0,2,,,1.0,
539,540,1,1,Miss,1,22.0,0,2,13568,50.0,0,2.0,39,1.0,0.0
540,541,1,1,Miss,1,36.0,0,2,WE/P 5735,71.0,2,2.0,22,1.0,0.0
541,542,0,3,Miss,1,9.0,4,2,347082,31.0,2,,,1.0,0.0
542,543,0,3,Miss,1,11.0,4,2,347082,31.0,2,,,1.0,0.0
543,544,1,2,Mr,0,32.0,1,0,2908,26.0,2,,,1.0,
544,545,0,1,Mr,0,50.0,1,0,PC 17761,106.0,0,3.0,86,1.0,
545,546,0,1,Mr,0,64.0,0,0,693,26.0,2,,,1.0,
546,547,1,2,Mrs,1,19.0,1,0,2908,26.0,2,,,1.0,1.0
547,548,1,2,Mr,0,,0,0,SC/PARIS 2146,14.0,0,,,1.0,
548,549,0,3,Mr,0,33.0,1,1,363291,21.0,2,,,1.0,
549,550,1,2,Master,0,8.0,1,1,C.A. 33112,37.0,2,,,2.0,
550,551,1,1,Mr,0,17.0,0,2,17421,111.0,0,3.0,70,1.0,
551,552,0,2,Mr,0,27.0,0,0,244358,26.0,2,,,1.0,
552,553,0,3,Mr,0,,0,0,330979,8.0,1,,,1.0,
553,554,1,3,Mr,0,22.0,0,0,2620,7.0,0,,,1.0,
554,555,1,3,Miss,1,22.0,0,0,347085,8.0,2,,,1.0,0.0
555,556,0,1,Mr,0,62.0,0,0,113807,27.0,2,,,1.0,
556,557,1,1,Lady,1,48.0,1,0,11755,40.0,0,1.0,16,3.0,
557,558,0,1,Mr,0,,0,0,PC 17757,228.0,0,,,1.0,
558,559,1,1,Mrs,1,39.0,1,1,110413,80.0,2,5.0,67,1.0,1.0
559,560,1,3,Mrs,1,36.0,1,0,345572,17.0,2,,,1.0,1.0
560,561,0,3,Mr,0,,0,0,372622,8.0,1,,,1.0,
561,562,0,3,Mr,0,40.0,0,0,349251,8.0,2,,,1.0,
562,563,0,2,Mr,0,28.0,0,0,218629,14.0,2,,,1.0,
563,564,0,3,Mr,0,,0,0,SOTON/OQ 392082,8.0,2,,,1.0,
564,565,0,3,Miss,1,,0,0,SOTON/O.Q. 392087,8.0,2,,,1.0,0.0
565,566,0,3,Mr,0,24.0,2,0,A/4 48871,24.0,2,,,1.0,
566,567,0,3,Mr,0,19.0,0,0,349205,8.0,2,,,1.0,
567,568,0,3,Mrs,1,29.0,0,4,349909,21.0,2,,,1.0,1.0
568,569,0,3,Mr,0,,0,0,2686,7.0,0,,,1.0,
569,570,1,3,Mr,0,32.0,0,0,350417,8.0,2,,,1.0,
570,571,1,2,Mr,0,62.0,0,0,S.W./PP 752,10.0,2,,,1.0,
571,572,1,1,Mrs,1,53.0,2,0,11769,51.0,2,3.0,101,1.0,1.0
572,573,1,1,Mr,0,36.0,0,0,PC 17474,26.0,2,5.0,25,1.0,
573,574,1,3,Miss,1,,0,0,14312,8.0,1,,,1.0,0.0
574,575,0,3,Mr,0,16.0,0,0,A/4. 20589,8.0,2,,,1.0,
575,576,0,3,Mr,0,19.0,0,0,358585,14.0,2,,,1.0,
576,577,1,2,Miss,1,34.0,0,0,243880,13.0,2,,,1.0,0.0
577,578,1,1,Mrs,1,39.0,1,0,13507,56.0,2,5.0,44,1.0,1.0
578,579,0,3,Mrs,1,,1,0,2689,14.0,0,,,1.0,1.0
579,580,1,3,Mr,0,32.0,0,0,STON/O 2. 3101286,8.0,2,,,1.0,
580,581,1,2,Miss,1,25.0,1,1,237789,30.0,2,,,1.0,0.0
581,582,1,1,Mrs,1,39.0,1,1,17421,111.0,0,3.0,68,1.0,1.0
582,583,0,2,Mr,0,54.0,0,0,28403,26.0,2,,,1.0,
583,584,0,1,Mr,0,36.0,0,0,13049,40.0,0,1.0,10,1.0,
584,585,0,3,Mr,0,,0,0,3411,9.0,0,,,1.0,
585,586,1,1,Miss,1,18.0,0,2,110413,80.0,2,5.0,68,1.0,0.0
586,587,0,2,Mr,0,47.0,0,0,237565,15.0,2,,,1.0,
587,588,1,1,Mr,0,60.0,1,1,13567,79.0,0,2.0,41,1.0,
588,589,0,3,Mr,0,22.0,0,0,14973,8.0,2,,,1.0,
589,590,0,3,Mr,0,,0,0,A./5. 3235,8.0,2,,,1.0,
590,591,0,3,Mr,0,35.0,0,0,STON/O 2. 3101273,7.0,2,,,1.0,
591,592,1,1,Mrs,1,52.0,1,0,36947,78.0,0,4.0,20,1.0,1.0
592,593,0,3,Mr,0,47.0,0,0,A/5 3902,7.0,2,,,1.0,
593,594,0,3,Miss,1,,0,2,364848,8.0,1,,,1.0,0.0
594,595,0,2,Mr,0,37.0,1,0,SC/AH 29037,26.0,2,,,1.0,
595,596,0,3,Mr,0,36.0,1,1,345773,24.0,2,,,1.0,
596,597,1,2,Miss,1,,0,0,248727,33.0,2,,,1.0,0.0
597,598,0,3,Mr,0,49.0,0,0,LINE,0.0,2,,,1.0,
598,599,0,3,Mr,0,,0,0,2664,7.0,0,,,1.0,
599,600,1,1,Sir,0,49.0,1,0,PC 17485,57.0,0,1.0,20,2.0,
600,601,1,2,Mrs,1,24.0,2,1,243847,27.0,2,,,1.0,1.0
601,602,0,3,Mr,0,,0,0,349214,8.0,2,,,1.0,
602,603,0,1,Mr,0,,0,0,113796,42.0,2,,,1.0,
603,604,0,3,Mr,0,44.0,0,0,364511,8.0,2,,,1.0,
604,605,1,1,Mr,0,35.0,0,0,111426,27.0,0,,,1.0,
605,606,0,3,Mr,0,36.0,1,0,349910,16.0,2,,,1.0,
606,607,0,3,Mr,0,30.0,0,0,349246,8.0,2,,,1.0,
607,608,1,1,Mr,0,27.0,0,0,113804,30.0,2,,,1.0,
608,609,1,2,Mrs,1,22.0,1,2,SC/Paris 2123,42.0,0,,,1.0,1.0
609,610,1,1,Miss,1,40.0,0,0,PC 17582,153.0,2,3.0,125,1.0,0.0
610,611,0,3,Mrs,1,39.0,1,5,347082,31.0,2,,,1.0,1.0
611,612,0,3,Mr,0,,0,0,SOTON/O.Q. 3101305,7.0,2,,,1.0,
612,613,1,3,Miss,1,,1,0,367230,16.0,1,,,1.0,0.0
613,614,0,3,Mr,0,,0,0,370377,8.0,1,,,1.0,
614,615,0,3,Mr,0,35.0,0,0,364512,8.0,2,,,1.0,
615,616,1,2,Miss,1,24.0,1,2,220845,65.0,2,,,1.0,0.0
616,617,0,3,Mr,0,34.0,1,1,347080,14.0,2,,,1.0,
617,618,0,3,Mrs,1,26.0,1,0,A/5. 3336,16.0,2,,,1.0,1.0
618,619,1,2,Miss,1,4.0,2,1,230136,39.0,2,6.0,4,1.0,0.0
619,620,0,2,Mr,0,26.0,0,0,31028,10.0,2,,,1.0,
620,621,0,3,Mr,0,27.0,1,0,2659,14.0,0,,,1.0,
621,622,1,1,Mr,0,42.0,1,0,11753,53.0,2,4.0,19,1.0,
622,623,1,3,Mr,0,20.0,1,1,2653,16.0,0,,,1.0,
623,624,0,3,Mr,0,21.0,0,0,350029,8.0,2,,,1.0,
624,625,0,3,Mr,0,21.0,0,0,54636,16.0,2,,,1.0,
625,626,0,1,Mr,0,61.0,0,0,36963,32.0,2,4.0,50,1.0,
626,627,0,2,Rev,0,57.0,0,0,219533,12.0,1,,,,
627,628,1,1,Miss,1,21.0,0,0,13502,78.0,2,4.0,9,1.0,0.0
628,629,0,3,Mr,0,26.0,0,0,349224,8.0,2,,,1.0,
629,630,0,3,Mr,0,,0,0,334912,8.0,1,,,1.0,
630,631,1,1,Mr,0,80.0,0,0,27042,30.0,2,1.0,23,1.0,
631,632,0,3,Mr,0,51.0,0,0,347743,7.0,2,,,1.0,
632,633,1,1,Dr,0,32.0,0,0,13214,30.0,0,2.0,50,,
633,634,0,1,Mr,0,,0,0,112052,0.0,2,,,1.0,
634,635,0,3,Miss,1,9.0,3,2,347088,28.0,2,,,1.0,0.0
635,636,1,2,Miss,1,28.0,0,0,237668,13.0,2,,,1.0,0.0
636,637,0,3,Mr,0,32.0,0,0,STON/O 2. 3101292,8.0,2,,,1.0,
637,638,0,2,Mr,0,31.0,1,1,C.A. 31921,26.0,2,,,1.0,
638,639,0,3,Mrs,1,41.0,0,5,3101295,40.0,2,,,1.0,1.0
639,640,0,3,Mr,0,,1,0,376564,16.0,2,,,1.0,
640,641,0,3,Mr,0,20.0,0,0,350050,8.0,2,,,1.0,
641,642,1,1,Mlle,1,24.0,0,0,PC 17477,69.0,0,2.0,35,1.0,1.0
642,643,0,3,Miss,1,2.0,3,2,347088,28.0,2,,,1.0,0.0
643,644,1,3,Mr,0,,0,0,1601,56.0,2,,,1.0,
644,645,1,3,Miss,1,0.75,2,1,2666,19.0,0,,,1.0,0.0
645,646,1,1,Mr,0,48.0,1,0,PC 17572,77.0,0,4.0,33,1.0,
646,647,0,3,Mr,0,19.0,0,0,349231,8.0,2,,,1.0,
647,648,1,1,Col,0,56.0,0,0,13213,36.0,0,1.0,26,,
648,649,0,3,Mr,0,,0,0,S.O./P.P. 751,8.0,2,,,1.0,
649,650,1,3,Miss,1,23.0,0,0,CA. 2314,8.0,2,,,1.0,0.0
650,651,0,3,Mr,0,,0,0,349221,8.0,2,,,1.0,
651,652,1,2,Miss,1,18.0,0,1,231919,23.0,2,,,1.0,0.0
652,653,0,3,Mr,0,21.0,0,0,8475,8.0,2,,,1.0,
653,654,1,3,Miss,1,,0,0,330919,8.0,1,,,1.0,0.0
654,655,0,3,Miss,1,18.0,0,0,365226,7.0,1,,,1.0,0.0
655,656,0,2,Mr,0,24.0,2,0,S.O.C. 14879,74.0,2,,,1.0,
656,657,0,3,Mr,0,,0,0,349223,8.0,2,,,1.0,
657,658,0,3,Mrs,1,32.0,1,1,364849,16.0,1,,,1.0,1.0
658,659,0,2,Mr,0,23.0,0,0,29751,13.0,2,,,1.0,
659,660,0,1,Mr,0,58.0,0,2,35273,113.0,0,4.0,48,1.0,
660,661,1,1,Dr,0,50.0,2,0,PC 17611,134.0,2,,,,
661,662,0,3,Mr,0,40.0,0,0,2623,7.0,0,,,1.0,
662,663,0,1,Mr,0,47.0,0,0,5727,26.0,2,5.0,58,1.0,
663,664,0,3,Mr,0,36.0,0,0,349210,7.0,2,,,1.0,
664,665,1,3,Mr,0,20.0,1,0,STON/O 2. 3101285,8.0,2,,,1.0,
665,666,0,2,Mr,0,32.0,2,0,S.O.C. 14879,74.0,2,,,1.0,
666,667,0,2,Mr,0,25.0,0,0,234686,13.0,2,,,1.0,
667,668,0,3,Mr,0,,0,0,312993,8.0,2,,,1.0,
668,669,0,3,Mr,0,43.0,0,0,A/5 3536,8.0,2,,,1.0,
669,670,1,1,Mrs,1,,1,0,19996,52.0,2,3.0,126,1.0,1.0
670,671,1,2,Mrs,1,40.0,1,1,29750,39.0,2,,,1.0,1.0
671,672,0,1,Mr,0,31.0,1,0,F.C. 12750,52.0,2,2.0,71,1.0,
672,673,0,2,Mr,0,70.0,0,0,C.A. 24580,10.0,2,,,1.0,
673,674,1,2,Mr,0,31.0,0,0,244270,13.0,2,,,1.0,
674,675,0,2,Mr,0,,0,0,239856,0.0,2,,,1.0,
675,676,0,3,Mr,0,18.0,0,0,349912,8.0,2,,,1.0,
676,677,0,3,Mr,0,24.5,0,0,342826,8.0,2,,,1.0,
677,678,1,3,Miss,1,18.0,0,0,4138,10.0,2,,,1.0,0.0
678,679,0,3,Mrs,1,43.0,1,6,CA 2144,47.0,2,,,1.0,1.0
679,680,1,1,Mr,0,36.0,0,1,PC 17755,512.0,0,2.0,51,1.0,
680,681,0,3,Miss,1,,0,0,330935,8.0,1,,,1.0,0.0
681,682,1,1,Mr,0,27.0,0,0,PC 17572,77.0,0,4.0,49,1.0,
682,683,0,3,Mr,0,20.0,0,0,6563,9.0,2,,,1.0,
683,684,0,3,Mr,0,14.0,5,2,CA 2144,47.0,2,,,1.0,
684,685,0,2,Mr,0,60.0,1,1,29750,39.0,2,,,1.0,
685,686,0,2,Mr,0,25.0,1,2,SC/Paris 2123,42.0,0,,,1.0,
686,687,0,3,Mr,0,14.0,4,1,3101295,40.0,2,,,1.0,
687,688,0,3,Mr,0,19.0,0,0,349228,10.0,2,,,1.0,
688,689,0,3,Mr,0,18.0,0,0,350036,8.0,2,,,1.0,
689,690,1,1,Miss,1,15.0,0,1,24160,211.0,2,2.0,5,1.0,0.0
690,691,1,1,Mr,0,31.0,1,0,17474,57.0,2,2.0,20,1.0,
691,692,1,3,Miss,1,4.0,0,1,349256,13.0,0,,,1.0,0.0
692,693,1,3,Mr,0,,0,0,1601,56.0,2,,,1.0,
693,694,0,3,Mr,0,25.0,0,0,2672,7.0,0,,,1.0,
694,695,0,1,Col,0,60.0,0,0,113800,27.0,2,,,,
695,696,0,2,Mr,0,52.0,0,0,248731,14.0,2,,,1.0,
696,697,0,3,Mr,0,44.0,0,0,363592,8.0,2,,,1.0,
697,698,1,3,Miss,1,,0,0,35852,8.0,1,,,1.0,0.0
698,699,0,1,Mr,0,49.0,1,1,17421,111.0,0,3.0,68,1.0,
699,700,0,3,Mr,0,42.0,0,0,348121,8.0,2,7.0,,1.0,
700,701,1,1,Mrs,1,18.0,1,0,PC 17757,228.0,0,3.0,62,1.0,1.0
701,702,1,1,Mr,0,35.0,0,0,PC 17475,26.0,2,5.0,24,1.0,
702,703,0,3,Miss,1,18.0,0,1,2691,14.0,0,,,1.0,0.0
703,704,0,3,Mr,0,25.0,0,0,36864,8.0,1,,,1.0,
704,705,0,3,Mr,0,26.0,1,0,350025,8.0,2,,,1.0,
705,706,0,2,Mr,0,39.0,0,0,250655,26.0,2,,,1.0,
706,707,1,2,Mrs,1,45.0,0,0,223596,14.0,2,,,1.0,1.0
707,708,1,1,Mr,0,42.0,0,0,PC 17476,26.0,2,5.0,24,1.0,
708,709,1,1,Miss,1,22.0,0,0,113781,152.0,2,,,1.0,0.0
709,710,1,3,Master,0,,1,1,2661,15.0,0,,,2.0,
710,711,1,1,Mlle,1,24.0,0,0,PC 17482,50.0,0,3.0,90,1.0,1.0
711,712,0,1,Mr,0,,0,0,113028,27.0,2,3.0,124,1.0,
712,713,1,1,Mr,0,48.0,1,0,19996,52.0,2,3.0,126,1.0,
713,714,0,3,Mr,0,29.0,0,0,7545,9.0,2,,,1.0,
714,715,0,2,Mr,0,52.0,0,0,250647,13.0,2,,,1.0,
715,716,0,3,Mr,0,19.0,0,0,348124,8.0,2,7.0,,1.0,
716,717,1,1,Miss,1,38.0,0,0,PC 17757,228.0,0,3.0,45,1.0,0.0
717,718,1,2,Miss,1,27.0,0,0,34218,10.0,2,5.0,101,1.0,0.0
718,719,0,3,Mr,0,,0,0,36568,16.0,1,,,1.0,
719,720,0,3,Mr,0,33.0,0,0,347062,8.0,2,,,1.0,
720,721,1,2,Miss,1,6.0,0,1,248727,33.0,2,,,1.0,0.0
721,722,0,3,Mr,0,17.0,1,0,350048,7.0,2,,,1.0,
722,723,0,2,Mr,0,34.0,0,0,12233,13.0,2,,,1.0,
723,724,0,2,Mr,0,50.0,0,0,250643,13.0,2,,,1.0,
724,725,1,1,Mr,0,27.0,1,0,113806,53.0,2,5.0,8,1.0,
725,726,0,3,Mr,0,20.0,0,0,315094,9.0,2,,,1.0,
726,727,1,2,Mrs,1,30.0,3,0,31027,21.0,2,,,1.0,1.0
727,728,1,3,Miss,1,,0,0,36866,8.0,1,,,1.0,0.0
728,729,0,2,Mr,0,25.0,1,0,236853,26.0,2,,,1.0,
729,730,0,3,Miss,1,25.0,1,0,STON/O2. 3101271,8.0,2,,,1.0,0.0
730,731,1,1,Miss,1,29.0,0,0,24160,211.0,2,2.0,5,1.0,0.0
731,732,0,3,Mr,0,11.0,0,0,2699,19.0,0,,,1.0,
732,733,0,2,Mr,0,,0,0,239855,0.0,2,,,1.0,
733,734,0,2,Mr,0,23.0,0,0,28425,13.0,2,,,1.0,
734,735,0,2,Mr,0,23.0,0,0,233639,13.0,2,,,1.0,
735,736,0,3,Mr,0,28.5,0,0,54636,16.0,2,,,1.0,
736,737,0,3,Mrs,1,48.0,1,3,W./C. 6608,34.0,2,,,1.0,1.0
737,738,1,1,Mr,0,35.0,0,0,PC 17755,512.0,0,2.0,101,1.0,
738,739,0,3,Mr,0,,0,0,349201,8.0,2,,,1.0,
739,740,0,3,Mr,0,,0,0,349218,8.0,2,,,1.0,
740,741,1,1,Mr,0,,0,0,16988,30.0,2,4.0,45,1.0,
741,742,0,1,Mr,0,36.0,1,0,19877,79.0,2,3.0,46,1.0,
742,743,1,1,Miss,1,21.0,2,2,PC 17608,262.0,0,2.0,57,1.0,0.0
743,744,0,3,Mr,0,24.0,1,0,376566,16.0,2,,,1.0,
744,745,1,3,Mr,0,31.0,0,0,STON/O 2. 3101288,8.0,2,,,1.0,
746,747,0,3,Mr,0,16.0,1,1,C.A. 2673,20.0,2,,,1.0,
747,748,1,2,Miss,1,30.0,0,0,250648,13.0,2,,,1.0,0.0
748,749,0,1,Mr,0,19.0,1,0,113773,53.0,2,4.0,30,1.0,
749,750,0,3,Mr,0,31.0,0,0,335097,8.0,1,,,1.0,
750,751,1,2,Miss,1,4.0,1,1,29103,23.0,2,,,1.0,0.0
751,752,1,3,Master,0,6.0,0,1,392096,12.0,2,5.0,121,2.0,
752,753,0,3,Mr,0,33.0,0,0,345780,10.0,2,,,1.0,
753,754,0,3,Mr,0,23.0,0,0,349204,8.0,2,,,1.0,
754,755,1,2,Mrs,1,48.0,1,2,220845,65.0,2,,,1.0,1.0
755,756,1,2,Master,0,0.67,1,1,250649,14.0,2,,,2.0,
756,757,0,3,Mr,0,28.0,0,0,350042,8.0,2,,,1.0,
757,758,0,2,Mr,0,18.0,0,0,29108,12.0,2,,,1.0,
758,759,0,3,Mr,0,34.0,0,0,363294,8.0,2,,,1.0,
759,760,1,1,the Countess,1,33.0,0,0,110152,86.0,2,2.0,77,3.0,
760,761,0,3,Mr,0,,0,0,358585,14.0,2,,,1.0,
761,762,0,3,Mr,0,41.0,0,0,SOTON/O2 3101272,7.0,2,,,1.0,
762,763,1,3,Mr,0,20.0,0,0,2663,7.0,0,,,1.0,
763,764,1,1,Mrs,1,36.0,1,2,113760,120.0,2,2.0,96,1.0,1.0
764,765,0,3,Mr,0,16.0,0,0,347074,8.0,2,,,1.0,
765,766,1,1,Mrs,1,51.0,1,0,13502,78.0,2,4.0,11,1.0,1.0
766,767,0,1,Dr,0,,0,0,112379,40.0,0,,,,
767,768,0,3,Miss,1,30.5,0,0,364850,8.0,1,,,1.0,0.0
768,769,0,3,Mr,0,,1,0,371110,24.0,1,,,1.0,
769,770,0,3,Mr,0,32.0,0,0,8471,8.0,2,,,1.0,
770,771,0,3,Mr,0,24.0,0,0,345781,10.0,2,,,1.0,
771,772,0,3,Mr,0,48.0,0,0,350047,8.0,2,,,1.0,
772,773,0,2,Mrs,1,57.0,0,0,S.O./P.P. 3,10.0,2,5.0,77,1.0,1.0
773,774,0,3,Mr,0,,0,0,2674,7.0,0,,,1.0,
774,775,1,2,Mrs,1,54.0,1,3,29105,23.0,2,,,1.0,1.0
775,776,0,3,Mr,0,18.0,0,0,347078,8.0,2,,,1.0,
776,777,0,3,Mr,0,,0,0,383121,8.0,1,6.0,38,1.0,
777,778,1,3,Miss,1,5.0,0,0,364516,12.0,2,,,1.0,0.0
778,779,0,3,Mr,0,,0,0,36865,8.0,1,,,1.0,
779,780,1,1,Mrs,1,43.0,0,1,24160,211.0,2,2.0,3,1.0,1.0
780,781,1,3,Miss,1,13.0,0,0,2687,7.0,0,,,1.0,0.0
781,782,1,1,Mrs,1,17.0,1,0,17474,57.0,2,2.0,20,1.0,1.0
782,783,0,1,Mr,0,29.0,0,0,113501,30.0,2,4.0,6,1.0,
783,784,0,3,Mr,0,,1,2,W./C. 6607,23.0,2,,,1.0,
784,785,0,3,Mr,0,25.0,0,0,SOTON/O.Q. 3101312,7.0,2,,,1.0,
785,786,0,3,Mr,0,25.0,0,0,374887,7.0,2,,,1.0,
786,787,1,3,Miss,1,18.0,0,0,3101265,7.0,2,,,1.0,0.0
787,788,0,3,Master,0,8.0,4,1,382652,29.0,1,,,2.0,
788,789,1,3,Master,0,1.0,1,2,C.A. 2315,21.0,2,,,2.0,
789,790,0,1,Mr,0,46.0,0,0,PC 17593,79.0,0,2.0,82,1.0,
790,791,0,3,Mr,0,,0,0,12460,8.0,1,,,1.0,
791,792,0,2,Mr,0,16.0,0,0,239865,26.0,2,,,1.0,
792,793,0,3,Miss,1,,8,2,CA. 2343,70.0,2,,,1.0,0.0
793,794,0,1,Mr,0,,0,0,PC 17600,31.0,0,,,1.0,
794,795,0,3,Mr,0,25.0,0,0,349203,8.0,2,,,1.0,
795,796,0,2,Mr,0,39.0,0,0,28213,13.0,2,,,1.0,
796,797,1,1,Dr,1,49.0,0,0,17465,26.0,2,4.0,17,,
797,798,1,3,Mrs,1,31.0,0,0,349244,9.0,2,,,1.0,1.0
798,799,0,3,Mr,0,30.0,0,0,2685,7.0,0,,,1.0,
799,800,0,3,Mrs,1,30.0,1,1,345773,24.0,2,,,1.0,1.0
800,801,0,2,Mr,0,34.0,0,0,250647,13.0,2,,,1.0,
801,802,1,2,Mrs,1,31.0,1,1,C.A. 31921,26.0,2,,,1.0,1.0
802,803,1,1,Master,0,11.0,1,2,113760,120.0,2,2.0,96,2.0,
803,804,1,3,Master,0,0.42,0,1,2625,9.0,0,,,2.0,
804,805,1,3,Mr,0,27.0,0,0,347089,7.0,2,,,1.0,
805,806,0,3,Mr,0,31.0,0,0,347063,8.0,2,,,1.0,
806,807,0,1,Mr,0,39.0,0,0,112050,0.0,2,1.0,36,1.0,
807,808,0,3,Miss,1,18.0,0,0,347087,8.0,2,,,1.0,0.0
808,809,0,2,Mr,0,39.0,0,0,248723,13.0,2,,,1.0,
809,810,1,1,Mrs,1,33.0,1,0,113806,53.0,2,5.0,8,1.0,1.0
810,811,0,3,Mr,0,26.0,0,0,3474,8.0,2,,,1.0,
811,812,0,3,Mr,0,39.0,0,0,A/4 48871,24.0,2,,,1.0,
812,813,0,2,Mr,0,35.0,0,0,28206,10.0,2,,,1.0,
813,814,0,3,Miss,1,6.0,4,2,347082,31.0,2,,,1.0,0.0
814,815,0,3,Mr,0,30.5,0,0,364499,8.0,2,,,1.0,
815,816,0,1,Mr,0,,0,0,112058,0.0,2,2.0,102,1.0,
816,817,0,3,Miss,1,23.0,0,0,STON/O2. 3101290,8.0,2,,,1.0,0.0
817,818,0,2,Mr,0,31.0,1,1,S.C./PARIS 2079,37.0,0,,,1.0,
818,819,0,3,Mr,0,43.0,0,0,C 7075,6.0,2,,,1.0,
819,820,0,3,Master,0,10.0,3,2,347088,28.0,2,,,2.0,
820,821,1,1,Mrs,1,52.0,1,1,12749,94.0,2,2.0,69,1.0,1.0
821,822,1,3,Mr,0,27.0,0,0,315098,9.0,2,,,1.0,
822,823,0,1,Jonkheer,0,38.0,0,0,19972,0.0,2,,,2.0,
823,824,1,3,Mrs,1,27.0,0,1,392096,12.0,2,5.0,121,1.0,1.0
824,825,0,3,Master,0,2.0,4,1,3101295,40.0,2,,,2.0,
825,826,0,3,Mr,0,,0,0,368323,7.0,1,,,1.0,
826,827,0,3,Mr,0,,0,0,1601,56.0,2,,,1.0,
827,828,1,2,Master,0,1.0,0,2,S.C./PARIS 2079,37.0,0,,,2.0,
828,829,1,3,Mr,0,,0,0,367228,8.0,1,,,1.0,
830,831,1,3,Mrs,1,15.0,1,0,2659,14.0,0,,,1.0,1.0
831,832,1,2,Master,0,0.83,1,1,29106,19.0,2,,,2.0,
832,833,0,3,Mr,0,,0,0,2671,7.0,0,,,1.0,
833,834,0,3,Mr,0,23.0,0,0,347468,8.0,2,,,1.0,
834,835,0,3,Mr,0,18.0,0,0,2223,8.0,2,,,1.0,
835,836,1,1,Miss,1,39.0,1,1,PC 17756,83.0,0,5.0,49,1.0,0.0
836,837,0,3,Mr,0,21.0,0,0,315097,9.0,2,,,1.0,
837,838,0,3,Mr,0,,0,0,392092,8.0,2,,,1.0,
838,839,1,3,Mr,0,32.0,0,0,1601,56.0,2,,,1.0,
839,840,1,1,Mr,0,,0,0,11774,30.0,0,3.0,47,1.0,
840,841,0,3,Mr,0,20.0,0,0,SOTON/O2 3101287,8.0,2,,,1.0,
841,842,0,2,Mr,0,16.0,0,0,S.O./P.P. 3,10.0,2,,,1.0,
842,843,1,1,Miss,1,30.0,0,0,113798,31.0,0,,,1.0,0.0
843,844,0,3,Mr,0,34.5,0,0,2683,6.0,0,,,1.0,
844,845,0,3,Mr,0,17.0,0,0,315090,9.0,2,,,1.0,
845,846,0,3,Mr,0,42.0,0,0,C.A. 5547,8.0,2,,,1.0,
846,847,0,3,Mr,0,,8,2,CA. 2343,70.0,2,,,1.0,
847,848,0,3,Mr,0,35.0,0,0,349213,8.0,0,,,1.0,
848,849,0,2,Rev,0,28.0,0,1,248727,33.0,2,,,,
849,850,1,1,Mrs,1,,1,0,17453,89.0,0,3.0,92,1.0,1.0
850,851,0,3,Master,0,4.0,4,2,347082,31.0,2,,,2.0,
851,852,0,3,Mr,0,74.0,0,0,347060,8.0,2,,,1.0,
852,853,0,3,Miss,1,9.0,1,1,2678,15.0,0,,,1.0,0.0
853,854,1,1,Miss,1,16.0,0,1,PC 17592,39.0,2,4.0,28,1.0,0.0
854,855,0,2,Mrs,1,44.0,1,0,244252,26.0,2,,,1.0,1.0
855,856,1,3,Mrs,1,18.0,0,1,392091,9.0,2,,,1.0,1.0
856,857,1,1,Mrs,1,45.0,1,1,36928,165.0,2,,,1.0,1.0
857,858,1,1,Mr,0,51.0,0,0,113055,27.0,2,5.0,17,1.0,
858,859,1,3,Mrs,1,24.0,0,3,2666,19.0,0,,,1.0,1.0
859,860,0,3,Mr,0,,0,0,2629,7.0,0,,,1.0,
860,861,0,3,Mr,0,41.0,2,0,350026,14.0,2,,,1.0,
861,862,0,2,Mr,0,21.0,1,0,28134,12.0,2,,,1.0,
862,863,1,1,Mrs,1,48.0,0,0,17466,26.0,2,4.0,17,1.0,1.0
863,864,0,3,Miss,1,,8,2,CA. 2343,70.0,2,,,1.0,0.0
864,865,0,2,Mr,0,24.0,0,0,233866,13.0,2,,,1.0,
865,866,1,2,Mrs,1,42.0,0,0,236852,13.0,2,,,1.0,1.0
866,867,1,2,Miss,1,27.0,1,0,SC/PARIS 2149,14.0,0,,,1.0,0.0
867,868,0,1,Mr,0,31.0,0,0,PC 17590,50.0,2,1.0,24,1.0,
868,869,0,3,Mr,0,,0,0,345777,10.0,2,,,1.0,
869,870,1,3,Master,0,4.0,1,1,347742,11.0,2,,,2.0,
870,871,0,3,Mr,0,26.0,0,0,349248,8.0,2,,,1.0,
871,872,1,1,Mrs,1,47.0,1,1,11751,53.0,2,4.0,35,1.0,1.0
872,873,0,1,Mr,0,33.0,0,0,695,5.0,2,2.0,51,1.0,
873,874,0,3,Mr,0,47.0,0,0,345765,9.0,2,,,1.0,
874,875,1,2,Mrs,1,28.0,1,0,P/PP 3381,24.0,0,,,1.0,1.0
875,876,1,3,Miss,1,15.0,0,0,2667,7.0,0,,,1.0,0.0
876,877,0,3,Mr,0,20.0,0,0,7534,10.0,2,,,1.0,
877,878,0,3,Mr,0,19.0,0,0,349212,8.0,2,,,1.0,
878,879,0,3,Mr,0,,0,0,349217,8.0,2,,,1.0,
879,880,1,1,Mrs,1,56.0,0,1,11767,83.0,0,3.0,50,1.0,1.0
880,881,1,2,Mrs,1,25.0,0,1,230433,26.0,2,,,1.0,1.0
881,882,0,3,Mr,0,33.0,0,0,349257,8.0,2,,,1.0,
882,883,0,3,Miss,1,22.0,0,0,7552,11.0,2,,,1.0,0.0
883,884,0,2,Mr,0,28.0,0,0,C.A./SOTON 34068,10.0,2,,,1.0,
884,885,0,3,Mr,0,25.0,0,0,SOTON/OQ 392076,7.0,2,,,1.0,
885,886,0,3,Mrs,1,39.0,0,5,382652,29.0,1,,,1.0,1.0
886,887,0,2,Rev,0,27.0,0,0,211536,13.0,2,,,,
887,888,1,1,Miss,1,19.0,0,0,112053,30.0,2,2.0,42,1.0,0.0
888,889,0,3,Miss,1,,1,2,W./C. 6607,23.0,2,,,1.0,0.0
889,890,1,1,Mr,0,26.0,0,0,111369,30.0,0,3.0,148,1.0,
890,891,0,3,Mr,0,32.0,0,0,370376,8.0,1,,,1.0,
